Date,Date,Open,High,Low,Close,Volume,Turnover,Year,Month,Day,WeekOfYear,vol_(t+1),volume_shock,VOL_SHOCK_DIR,price_t+1,price_shock,price_black_swan,PRICE_SHOCK_DIR,BLACK_SWAN_SHOCK_DIR,not_vol_shock,price_shock_w/0_vol_shock
2015-01-01,2015-01-01,2567.0,2567.0,2541.0,2545.55,183415,46743445615000.0,2015,1,1,1,,0,,,0,0,,,1,0
2015-01-02,2015-01-02,2551.0,2590.95,2550.6,2579.45,462870,118874010950000.0,2015,1,2,1,183415.0,1,0.0,2545.55,0,0,,,0,0
2015-01-03,2015-01-02,2551.0,2590.95,2550.6,2579.45,462870,118874010950000.0,2015,1,2,1,462870.0,0,,2579.45,0,0,,,1,0
2015-01-04,2015-01-02,2551.0,2590.95,2550.6,2579.45,462870,118874010950000.0,2015,1,2,1,462870.0,0,,2579.45,0,0,,,1,0
2015-01-05,2015-01-05,2581.0,2599.9,2524.65,2540.25,877121,224888554095000.0,2015,1,5,2,462870.0,1,0.0,2579.45,0,0,,,0,0
2015-01-06,2015-01-06,2529.1,2529.1,2440.0,2446.6,1211892,298961535645000.0,2015,1,6,2,877121.0,1,0.0,2540.25,1,1,1.0,1.0,0,0
2015-01-07,2015-01-07,2470.0,2479.15,2407.45,2417.7,1318166,320836246205000.0,2015,1,7,2,1211892.0,0,,2446.6,0,0,,,1,0
2015-01-08,2015-01-08,2442.4,2449.0,2420.55,2443.8,782704,190573934495000.0,2015,1,8,2,1318166.0,1,1.0,2417.7,0,0,,,0,0
2015-01-09,2015-01-09,2455.0,2519.9,2450.0,2512.3,1598821,398108220610000.0,2015,1,9,2,782704.0,1,0.0,2443.8,1,1,0.0,0.0,0,0
2015-01-10,2015-01-09,2455.0,2519.9,2450.0,2512.3,1598821,398108220610000.0,2015,1,9,2,1598821.0,0,,2512.3,0,0,,,1,0
2015-01-11,2015-01-09,2455.0,2519.9,2450.0,2512.3,1598821,398108220610000.0,2015,1,9,2,1598821.0,0,,2512.3,0,0,,,1,0
2015-01-12,2015-01-12,2517.0,2528.0,2480.25,2509.7,798003,199326599700000.0,2015,1,12,3,1598821.0,1,1.0,2512.3,0,0,,,0,0
2015-01-13,2015-01-13,2520.0,2530.4,2480.1,2497.9,734216,184244037280000.0,2015,1,13,3,798003.0,0,,2509.7,0,0,,,1,0
2015-01-14,2015-01-14,2516.0,2531.8,2500.5,2521.95,893548,224954619585000.0,2015,1,14,3,734216.0,1,0.0,2497.9,0,0,,,0,0
2015-01-15,2015-01-15,2533.0,2581.75,2523.25,2539.1,2504960,639007618510000.0,2015,1,15,3,893548.0,1,0.0,2521.95,0,0,,,0,0
2015-01-16,2015-01-16,2543.7,2545.0,2484.3,2532.15,2646915,664744442100000.0,2015,1,16,3,2504960.0,0,,2539.1,0,0,,,1,0
2015-01-17,2015-01-16,2543.7,2545.0,2484.3,2532.15,2646915,664744442100000.0,2015,1,16,3,2646915.0,0,,2532.15,0,0,,,1,0
2015-01-18,2015-01-16,2543.7,2545.0,2484.3,2532.15,2646915,664744442100000.0,2015,1,16,3,2646915.0,0,,2532.15,0,0,,,1,0
2015-01-19,2015-01-19,2536.0,2551.0,2503.0,2511.0,567537,142795431225000.0,2015,1,19,4,2646915.0,1,1.0,2532.15,0,0,,,0,0
2015-01-20,2015-01-20,2520.0,2530.0,2483.25,2500.45,1029283,257212122080000.03,2015,1,20,4,567537.0,1,0.0,2511.0,0,0,,,0,0
2015-01-21,2015-01-21,2522.0,2522.0,2488.25,2513.8,1155240,289705457555000.0,2015,1,21,4,1029283.0,1,0.0,2500.45,0,0,,,0,0
2015-01-22,2015-01-22,2516.5,2521.25,2495.5,2513.55,1056607,265135460265000.0,2015,1,22,4,1155240.0,0,,2513.8,0,0,,,1,0
2015-01-23,2015-01-23,2514.0,2532.05,2496.1,2503.6,1575190,394952968250000.0,2015,1,23,4,1056607.0,1,0.0,2513.55,0,0,,,0,0
2015-01-24,2015-01-23,2514.0,2532.05,2496.1,2503.6,1575190,394952968250000.0,2015,1,23,4,1575190.0,0,,2503.6,0,0,,,1,0
2015-01-25,2015-01-23,2514.0,2532.05,2496.1,2503.6,1575190,394952968250000.0,2015,1,23,4,1575190.0,0,,2503.6,0,0,,,1,0
2015-01-26,2015-01-23,2514.0,2532.05,2496.1,2503.6,1575190,394952968250000.0,2015,1,23,4,1575190.0,0,,2503.6,0,0,,,1,0
2015-01-27,2015-01-27,2512.35,2515.0,2489.55,2502.05,1369368,342651028760000.0,2015,1,27,5,1575190.0,1,1.0,2503.6,0,0,,,0,0
2015-01-28,2015-01-28,2503.0,2544.9,2502.9,2539.6,1560990,394824002920000.0,2015,1,28,5,1369368.0,1,0.0,2502.05,0,0,,,0,0
2015-01-29,2015-01-29,2538.0,2568.7,2512.9,2544.65,1867196,472751989170000.0,2015,1,29,5,1560990.0,1,0.0,2539.6,0,0,,,0,0
2015-01-30,2015-01-30,2560.7,2575.0,2470.0,2482.05,2908701,725702544890000.0,2015,1,30,5,1867196.0,1,0.0,2544.65,1,1,1.0,1.0,0,0
2015-01-31,2015-01-30,2560.7,2575.0,2470.0,2482.05,2908701,725702544890000.0,2015,1,30,5,2908701.0,0,,2482.05,0,0,,,1,0
2015-02-01,2015-01-30,2560.7,2575.0,2470.0,2482.05,2908701,725702544890000.0,2015,1,30,5,2908701.0,0,,2482.05,0,0,,,1,0
2015-02-02,2015-02-02,2482.0,2521.45,2462.05,2514.2,1590901,397821062750000.0,2015,2,2,6,2908701.0,1,1.0,2482.05,0,0,,,0,0
2015-02-03,2015-02-03,2511.65,2565.0,2507.1,2558.25,1172527,297379337690000.0,2015,2,3,6,1590901.0,1,1.0,2514.2,0,0,,,0,0
2015-02-04,2015-02-04,2568.0,2571.7,2502.1,2514.3,1122709,283268662695000.0,2015,2,4,6,1172527.0,0,,2558.25,0,0,,,1,0
2015-02-05,2015-02-05,2520.0,2591.7,2519.0,2552.4,2265084,579438634615000.0,2015,2,5,6,1122709.0,1,0.0,2514.3,0,0,,,0,0
2015-02-06,2015-02-06,2553.0,2594.8,2550.85,2575.75,1068208,275426472850000.0,2015,2,6,6,2265084.0,1,1.0,2552.4,0,0,,,0,0
2015-02-07,2015-02-06,2553.0,2594.8,2550.85,2575.75,1068208,275426472850000.0,2015,2,6,6,1068208.0,0,,2575.75,0,0,,,1,0
2015-02-08,2015-02-06,2553.0,2594.8,2550.85,2575.75,1068208,275426472850000.0,2015,2,6,6,1068208.0,0,,2575.75,0,0,,,1,0
2015-02-09,2015-02-09,2561.5,2569.1,2500.0,2512.9,1038216,262858506450000.0,2015,2,9,7,1068208.0,0,,2575.75,1,1,1.0,1.0,1,1
2015-02-10,2015-02-10,2510.0,2526.25,2433.0,2441.15,1899527,469920109095000.0,2015,2,10,7,1038216.0,1,0.0,2512.9,1,1,1.0,1.0,0,0
2015-02-11,2015-02-11,2455.05,2487.25,2447.25,2459.9,1468761,362628302270000.0,2015,2,11,7,1899527.0,1,1.0,2441.15,0,0,,,0,0
2015-02-12,2015-02-12,2479.8,2479.8,2447.0,2462.15,1553990,382678652105000.0,2015,2,12,7,1468761.0,0,,2459.9,0,0,,,1,0
2015-02-13,2015-02-13,2470.0,2547.75,2460.25,2538.75,2079163,521556316975000.0,2015,2,13,7,1553990.0,1,0.0,2462.15,1,1,0.0,0.0,0,0
2015-02-14,2015-02-13,2470.0,2547.75,2460.25,2538.75,2079163,521556316975000.0,2015,2,13,7,2079163.0,0,,2538.75,0,0,,,1,0
2015-02-15,2015-02-13,2470.0,2547.75,2460.25,2538.75,2079163,521556316975000.0,2015,2,13,7,2079163.0,0,,2538.75,0,0,,,1,0
2015-02-16,2015-02-16,2560.0,2595.0,2555.0,2584.8,1182196,304649182215000.0,2015,2,16,8,2079163.0,1,1.0,2538.75,0,0,,,0,0
2015-02-17,2015-02-16,2560.0,2595.0,2555.0,2584.8,1182196,304649182215000.0,2015,2,16,8,1182196.0,0,,2584.8,0,0,,,1,0
2015-02-18,2015-02-18,2585.05,2643.0,2565.25,2635.65,1330007,346471599800000.0,2015,2,18,8,1182196.0,1,0.0,2584.8,0,0,,,0,0
2015-02-19,2015-02-19,2636.0,2687.3,2635.0,2681.05,1309001,348256421615000.0,2015,2,19,8,1330007.0,0,,2635.65,0,0,,,1,0
2015-02-20,2015-02-20,2698.8,2698.8,2642.25,2675.55,900794,240742310540000.0,2015,2,20,8,1309001.0,1,1.0,2681.05,0,0,,,0,0
2015-02-21,2015-02-20,2698.8,2698.8,2642.25,2675.55,900794,240742310540000.0,2015,2,20,8,900794.0,0,,2675.55,0,0,,,1,0
2015-02-22,2015-02-20,2698.8,2698.8,2642.25,2675.55,900794,240742310540000.0,2015,2,20,8,900794.0,0,,2675.55,0,0,,,1,0
2015-02-23,2015-02-23,2671.0,2722.0,2671.0,2696.65,807446,218165997730000.03,2015,2,23,9,900794.0,1,1.0,2675.55,0,0,,,0,0
2015-02-24,2015-02-24,2694.0,2730.0,2679.0,2704.75,1099961,298018637415000.0,2015,2,24,9,807446.0,1,0.0,2696.65,0,0,,,0,0
2015-02-25,2015-02-25,2710.0,2722.0,2667.85,2672.2,883997,238162963395000.0,2015,2,25,9,1099961.0,1,1.0,2704.75,0,0,,,0,0
2015-02-26,2015-02-26,2679.0,2692.75,2625.35,2656.45,995997,264468013900000.0,2015,2,26,9,883997.0,1,0.0,2672.2,0,0,,,0,0
2015-02-27,2015-02-27,2659.45,2675.75,2616.3,2662.35,1438688,380942113730000.0,2015,2,27,9,995997.0,1,0.0,2656.45,0,0,,,0,0
2015-02-28,2015-02-28,2677.0,2687.1,2643.0,2675.25,589498,157284897685000.0,2015,2,28,9,1438688.0,1,1.0,2662.35,0,0,,,0,0
2015-03-01,2015-02-28,2677.0,2687.1,2643.0,2675.25,589498,157284897685000.0,2015,2,28,9,589498.0,0,,2675.25,0,0,,,1,0
2015-03-02,2015-03-02,2679.7,2708.95,2652.55,2669.4,1088019,289953630685000.0,2015,3,2,10,589498.0,1,0.0,2675.25,0,0,,,0,0
2015-03-03,2015-03-03,2682.0,2790.0,2676.15,2776.0,1712154,470557654690000.0,2015,3,3,10,1088019.0,1,0.0,2669.4,1,1,0.0,0.0,0,0
2015-03-04,2015-03-04,2788.0,2812.1,2715.65,2746.0,1931497,533680616540000.0,2015,3,4,10,1712154.0,1,0.0,2776.0,0,0,,,0,0
2015-03-05,2015-03-05,2750.0,2770.7,2681.05,2696.45,1086757,294901337805000.0,2015,3,5,10,1931497.0,1,1.0,2746.0,0,0,,,0,0
2015-03-06,2015-03-05,2750.0,2770.7,2681.05,2696.45,1086757,294901337805000.0,2015,3,5,10,1086757.0,0,,2696.45,0,0,,,1,0
2015-03-07,2015-03-05,2750.0,2770.7,2681.05,2696.45,1086757,294901337805000.0,2015,3,5,10,1086757.0,0,,2696.45,0,0,,,1,0
2015-03-08,2015-03-05,2750.0,2770.7,2681.05,2696.45,1086757,294901337805000.0,2015,3,5,10,1086757.0,0,,2696.45,0,0,,,1,0
2015-03-09,2015-03-09,2640.0,2679.8,2610.0,2646.8,1441587,381692236075000.0,2015,3,9,11,1086757.0,1,0.0,2696.45,0,0,,,0,0
2015-03-10,2015-03-10,2648.9,2678.25,2595.25,2642.7,1518526,399794140460000.0,2015,3,10,11,1441587.0,0,,2646.8,0,0,,,1,0
2015-03-11,2015-03-11,2642.0,2659.95,2597.8,2606.55,1120100,293790867555000.0,2015,3,11,11,1518526.0,1,1.0,2642.7,0,0,,,0,0
2015-03-12,2015-03-12,2623.9,2624.9,2590.1,2619.05,913818,238210017760000.0,2015,3,12,11,1120100.0,1,1.0,2606.55,0,0,,,0,0
2015-03-13,2015-03-13,2638.0,2639.95,2575.0,2582.35,793419,205872125680000.0,2015,3,13,11,913818.0,1,1.0,2619.05,0,0,,,0,0
2015-03-14,2015-03-13,2638.0,2639.95,2575.0,2582.35,793419,205872125680000.0,2015,3,13,11,793419.0,0,,2582.35,0,0,,,1,0
2015-03-15,2015-03-13,2638.0,2639.95,2575.0,2582.35,793419,205872125680000.0,2015,3,13,11,793419.0,0,,2582.35,0,0,,,1,0
2015-03-16,2015-03-16,2585.2,2610.0,2552.0,2562.3,778148,200753225295000.0,2015,3,16,12,793419.0,0,,2582.35,0,0,,,1,0
2015-03-17,2015-03-17,2582.5,2606.7,2557.75,2583.7,633659,163652693925000.0,2015,3,17,12,778148.0,1,1.0,2562.3,0,0,,,0,0
2015-03-18,2015-03-18,2590.95,2599.45,2551.7,2559.35,627585,160778503890000.0,2015,3,18,12,633659.0,0,,2583.7,0,0,,,1,0
2015-03-19,2015-03-19,2576.0,2605.85,2568.1,2596.25,1224482,317930347245000.0,2015,3,19,12,627585.0,1,0.0,2559.35,0,0,,,0,0
2015-03-20,2015-03-20,2596.0,2618.0,2578.85,2610.95,981954,256142270235000.0,2015,3,20,12,1224482.0,1,1.0,2596.25,0,0,,,0,0
2015-03-21,2015-03-20,2596.0,2618.0,2578.85,2610.95,981954,256142270235000.0,2015,3,20,12,981954.0,0,,2610.95,0,0,,,1,0
2015-03-22,2015-03-20,2596.0,2618.0,2578.85,2610.95,981954,256142270235000.0,2015,3,20,12,981954.0,0,,2610.95,0,0,,,1,0
2015-03-23,2015-03-23,2616.0,2631.0,2606.0,2617.15,783304,204969532200000.0,2015,3,23,13,981954.0,1,1.0,2610.95,0,0,,,0,0
2015-03-24,2015-03-24,2630.0,2637.0,2582.1,2591.3,1197439,313440933310000.0,2015,3,24,13,783304.0,1,0.0,2617.15,0,0,,,0,0
2015-03-25,2015-03-25,2591.4,2614.0,2545.2,2573.75,1112429,286482690440000.0,2015,3,25,13,1197439.0,0,,2591.3,0,0,,,1,0
2015-03-26,2015-03-26,2553.3,2586.7,2501.0,2513.1,1545821,391966545665000.0,2015,3,26,13,1112429.0,1,0.0,2573.75,1,1,1.0,1.0,0,0
2015-03-27,2015-03-27,2531.0,2571.9,2504.1,2514.8,1375888,349025716790000.0,2015,3,27,13,1545821.0,1,1.0,2513.1,0,0,,,0,0
2015-03-28,2015-03-27,2531.0,2571.9,2504.1,2514.8,1375888,349025716790000.0,2015,3,27,13,1375888.0,0,,2514.8,0,0,,,1,0
2015-03-29,2015-03-27,2531.0,2571.9,2504.1,2514.8,1375888,349025716790000.0,2015,3,27,13,1375888.0,0,,2514.8,0,0,,,1,0
2015-03-30,2015-03-30,2525.0,2569.9,2520.0,2564.15,669503,170467464790000.0,2015,3,30,14,1375888.0,1,1.0,2514.8,0,0,,,0,0
2015-03-31,2015-03-31,2569.45,2569.45,2521.0,2553.95,1213514,309221533160000.0,2015,3,31,14,669503.0,1,0.0,2564.15,0,0,,,0,0
2015-04-01,2015-04-01,2558.0,2563.6,2522.25,2542.65,1037879,263498131745000.0,2015,4,1,14,1213514.0,1,1.0,2553.95,0,0,,,0,0
2015-04-02,2015-04-01,2558.0,2563.6,2522.25,2542.65,1037879,263498131745000.0,2015,4,1,14,1037879.0,0,,2542.65,0,0,,,1,0
2015-04-03,2015-04-01,2558.0,2563.6,2522.25,2542.65,1037879,263498131745000.0,2015,4,1,14,1037879.0,0,,2542.65,0,0,,,1,0
2015-04-04,2015-04-01,2558.0,2563.6,2522.25,2542.65,1037879,263498131745000.0,2015,4,1,14,1037879.0,0,,2542.65,0,0,,,1,0
2015-04-05,2015-04-01,2558.0,2563.6,2522.25,2542.65,1037879,263498131745000.0,2015,4,1,14,1037879.0,0,,2542.65,0,0,,,1,0
2015-04-06,2015-04-06,2558.0,2562.9,2500.1,2547.3,784271,198540479680000.0,2015,4,6,15,1037879.0,1,1.0,2542.65,0,0,,,0,0
2015-04-07,2015-04-07,2562.45,2599.0,2544.0,2585.0,943461,242611136905000.03,2015,4,7,15,784271.0,1,0.0,2547.3,0,0,,,0,0
2015-04-08,2015-04-08,2594.0,2656.5,2590.85,2641.4,826067,217420827940000.0,2015,4,8,15,943461.0,1,1.0,2585.0,1,1,0.0,0.0,0,0
2015-04-09,2015-04-09,2659.0,2687.45,2635.15,2664.55,1272225,338201771475000.0,2015,4,9,15,826067.0,1,0.0,2641.4,0,0,,,0,0
2015-04-10,2015-04-10,2648.5,2670.8,2628.0,2653.75,907772,240413514280000.03,2015,4,10,15,1272225.0,1,1.0,2664.55,0,0,,,0,0
2015-04-11,2015-04-10,2648.5,2670.8,2628.0,2653.75,907772,240413514280000.03,2015,4,10,15,907772.0,0,,2653.75,0,0,,,1,0
2015-04-12,2015-04-10,2648.5,2670.8,2628.0,2653.75,907772,240413514280000.03,2015,4,10,15,907772.0,0,,2653.75,0,0,,,1,0
2015-04-13,2015-04-13,2664.0,2665.0,2628.0,2655.5,654321,173401144210000.0,2015,4,13,16,907772.0,1,1.0,2653.75,0,0,,,0,0
2015-04-14,2015-04-13,2664.0,2665.0,2628.0,2655.5,654321,173401144210000.0,2015,4,13,16,654321.0,0,,2655.5,0,0,,,1,0
2015-04-15,2015-04-15,2654.7,2713.9,2609.4,2627.75,1456967,385551302470000.0,2015,4,15,16,654321.0,1,0.0,2655.5,0,0,,,0,0
2015-04-16,2015-04-16,2626.95,2627.0,2571.35,2582.8,1608785,416641607920000.0,2015,4,16,16,1456967.0,0,,2627.75,0,0,,,1,0
2015-04-17,2015-04-17,2557.1,2560.0,2470.0,2474.85,4834371,1206434982295000.0,2015,4,17,16,1608785.0,1,0.0,2582.8,1,1,1.0,1.0,0,0
2015-04-18,2015-04-17,2557.1,2560.0,2470.0,2474.85,4834371,1206434982295000.0,2015,4,17,16,4834371.0,0,,2474.85,0,0,,,1,0
2015-04-19,2015-04-17,2557.1,2560.0,2470.0,2474.85,4834371,1206434982295000.0,2015,4,17,16,4834371.0,0,,2474.85,0,0,,,1,0
2015-04-20,2015-04-20,2480.05,2483.9,2424.85,2428.8,1445361,352590267395000.0,2015,4,20,17,4834371.0,1,1.0,2474.85,0,0,,,0,0
2015-04-21,2015-04-21,2428.8,2452.0,2401.0,2427.05,1273016,309446530515000.0,2015,4,21,17,1445361.0,1,1.0,2428.8,0,0,,,0,0
2015-04-22,2015-04-22,2431.5,2473.0,2407.55,2445.1,2093406,508334211700000.0,2015,4,22,17,1273016.0,1,0.0,2427.05,0,0,,,0,0
2015-04-23,2015-04-23,2472.0,2479.8,2431.7,2457.25,2171495,534363755360000.06,2015,4,23,17,2093406.0,0,,2445.1,0,0,,,1,0
2015-04-24,2015-04-24,2455.3,2514.0,2447.55,2493.05,1812579,451014638785000.06,2015,4,24,17,2171495.0,1,1.0,2457.25,0,0,,,0,0
2015-04-25,2015-04-24,2455.3,2514.0,2447.55,2493.05,1812579,451014638785000.06,2015,4,24,17,1812579.0,0,,2493.05,0,0,,,1,0
2015-04-26,2015-04-24,2455.3,2514.0,2447.55,2493.05,1812579,451014638785000.06,2015,4,24,17,1812579.0,0,,2493.05,0,0,,,1,0
2015-04-27,2015-04-27,2499.5,2520.0,2486.0,2500.2,1366526,341828002790000.0,2015,4,27,18,1812579.0,1,1.0,2493.05,0,0,,,0,0
2015-04-28,2015-04-28,2510.0,2510.0,2455.1,2495.0,1544149,382510591630000.0,2015,4,28,18,1366526.0,1,0.0,2500.2,0,0,,,0,0
2015-04-29,2015-04-29,2484.0,2495.0,2451.05,2487.3,1009810,249655948465000.0,2015,4,29,18,1544149.0,1,1.0,2495.0,0,0,,,0,0
2015-04-30,2015-04-30,2480.0,2490.0,2427.1,2463.7,1869027,459977844870000.0,2015,4,30,18,1009810.0,1,0.0,2487.3,0,0,,,0,0
2015-05-01,2015-04-30,2480.0,2490.0,2427.1,2463.7,1869027,459977844870000.0,2015,4,30,18,1869027.0,0,,2463.7,0,0,,,1,0
2015-05-02,2015-04-30,2480.0,2490.0,2427.1,2463.7,1869027,459977844870000.0,2015,4,30,18,1869027.0,0,,2463.7,0,0,,,1,0
2015-05-03,2015-04-30,2480.0,2490.0,2427.1,2463.7,1869027,459977844870000.0,2015,4,30,18,1869027.0,0,,2463.7,0,0,,,1,0
2015-05-04,2015-05-04,2491.0,2504.8,2457.2,2481.55,945315,234073697215000.0,2015,5,4,19,1869027.0,1,1.0,2463.7,0,0,,,0,0
2015-05-05,2015-05-05,2501.0,2536.45,2500.0,2517.85,1627535,409966148545000.0,2015,5,5,19,945315.0,1,0.0,2481.55,0,0,,,0,0
2015-05-06,2015-05-06,2515.0,2515.0,2455.8,2463.05,1697203,418947716170000.0,2015,5,6,19,1627535.0,0,,2517.85,1,1,1.0,1.0,1,1
2015-05-07,2015-05-07,2464.9,2553.75,2453.7,2545.25,1602514,404255751035000.0,2015,5,7,19,1697203.0,0,,2463.05,1,1,0.0,0.0,1,1
2015-05-08,2015-05-08,2560.0,2588.0,2516.3,2527.25,1501832,383278539450000.0,2015,5,8,19,1602514.0,0,,2545.25,0,0,,,1,0
2015-05-09,2015-05-08,2560.0,2588.0,2516.3,2527.25,1501832,383278539450000.0,2015,5,8,19,1501832.0,0,,2527.25,0,0,,,1,0
2015-05-10,2015-05-08,2560.0,2588.0,2516.3,2527.25,1501832,383278539450000.0,2015,5,8,19,1501832.0,0,,2527.25,0,0,,,1,0
2015-05-11,2015-05-11,2535.0,2563.05,2525.0,2556.0,1286541,328076548915000.0,2015,5,11,20,1501832.0,1,1.0,2527.25,0,0,,,0,0
2015-05-12,2015-05-12,2560.0,2565.0,2513.0,2522.9,1233693,311495784250000.0,2015,5,12,20,1286541.0,0,,2556.0,0,0,,,1,0
2015-05-13,2015-05-13,2547.0,2547.0,2480.45,2515.4,931887,233944172500000.0,2015,5,13,20,1233693.0,1,1.0,2522.9,0,0,,,0,0
2015-05-14,2015-05-14,2520.0,2520.0,2485.0,2499.25,654525,163309628080000.0,2015,5,14,20,931887.0,1,1.0,2515.4,0,0,,,0,0
2015-05-15,2015-05-15,2515.0,2532.4,2501.0,2511.15,730727,183571305660000.0,2015,5,15,20,654525.0,1,0.0,2499.25,0,0,,,0,0
2015-05-16,2015-05-15,2515.0,2532.4,2501.0,2511.15,730727,183571305660000.0,2015,5,15,20,730727.0,0,,2511.15,0,0,,,1,0
2015-05-17,2015-05-15,2515.0,2532.4,2501.0,2511.15,730727,183571305660000.0,2015,5,15,20,730727.0,0,,2511.15,0,0,,,1,0
2015-05-18,2015-05-18,2514.1,2525.25,2497.1,2520.4,2253876,564689060255000.0,2015,5,18,21,730727.0,1,0.0,2511.15,0,0,,,0,0
2015-05-19,2015-05-19,2519.4,2530.0,2496.75,2512.7,978861,245887370645000.0,2015,5,19,21,2253876.0,1,1.0,2520.4,0,0,,,0,0
2015-05-20,2015-05-20,2520.0,2569.9,2516.9,2557.05,948907,241979005775000.0,2015,5,20,21,978861.0,0,,2512.7,0,0,,,1,0
2015-05-21,2015-05-21,2557.0,2580.0,2548.15,2555.5,789789,202646360790000.0,2015,5,21,21,948907.0,1,1.0,2557.05,0,0,,,0,0
2015-05-22,2015-05-22,2550.0,2628.75,2539.25,2617.9,1345816,349190591545000.0,2015,5,22,21,789789.0,1,0.0,2555.5,1,1,0.0,0.0,0,0
2015-05-23,2015-05-22,2550.0,2628.75,2539.25,2617.9,1345816,349190591545000.0,2015,5,22,21,1345816.0,0,,2617.9,0,0,,,1,0
2015-05-24,2015-05-22,2550.0,2628.75,2539.25,2617.9,1345816,349190591545000.0,2015,5,22,21,1345816.0,0,,2617.9,0,0,,,1,0
2015-05-25,2015-05-25,2620.0,2636.9,2585.7,2601.0,491489,128083358180000.0,2015,5,25,22,1345816.0,1,1.0,2617.9,0,0,,,0,0
2015-05-26,2015-05-26,2605.0,2623.25,2588.9,2608.85,980870,256024103810000.0,2015,5,26,22,491489.0,1,0.0,2601.0,0,0,,,0,0
2015-05-27,2015-05-27,2608.0,2633.15,2592.0,2615.25,810345,211966247105000.0,2015,5,27,22,980870.0,1,1.0,2608.85,0,0,,,0,0
2015-05-28,2015-05-28,2603.9,2623.0,2582.25,2609.5,1381804,360180969170000.0,2015,5,28,22,810345.0,1,0.0,2615.25,0,0,,,0,0
2015-05-29,2015-05-29,2617.0,2648.6,2597.25,2610.3,2211766,578269551475000.0,2015,5,29,22,1381804.0,1,0.0,2609.5,0,0,,,0,0
2015-05-30,2015-05-29,2617.0,2648.6,2597.25,2610.3,2211766,578269551475000.0,2015,5,29,22,2211766.0,0,,2610.3,0,0,,,1,0
2015-05-31,2015-05-29,2617.0,2648.6,2597.25,2610.3,2211766,578269551475000.0,2015,5,29,22,2211766.0,0,,2610.3,0,0,,,1,0
2015-06-01,2015-06-01,2609.45,2647.1,2608.35,2617.75,441132,115683989800000.0,2015,6,1,23,2211766.0,1,1.0,2610.3,0,0,,,0,0
2015-06-02,2015-06-02,2616.0,2630.0,2590.5,2599.9,1967910,512747187110000.06,2015,6,2,23,441132.0,1,0.0,2617.75,0,0,,,0,0
2015-06-03,2015-06-03,2604.0,2625.6,2590.5,2610.9,902342,235655199660000.0,2015,6,3,23,1967910.0,1,1.0,2599.9,0,0,,,0,0
2015-06-04,2015-06-04,2617.1,2622.8,2588.5,2605.65,2065734,538497445995000.0,2015,6,4,23,902342.0,1,0.0,2610.9,0,0,,,0,0
2015-06-05,2015-06-05,2592.0,2609.0,2570.0,2575.85,1154267,298206645760000.0,2015,6,5,23,2065734.0,1,1.0,2605.65,0,0,,,0,0
2015-06-06,2015-06-05,2592.0,2609.0,2570.0,2575.85,1154267,298206645760000.0,2015,6,5,23,1154267.0,0,,2575.85,0,0,,,1,0
2015-06-07,2015-06-05,2592.0,2609.0,2570.0,2575.85,1154267,298206645760000.0,2015,6,5,23,1154267.0,0,,2575.85,0,0,,,1,0
2015-06-08,2015-06-08,2590.0,2590.0,2561.65,2577.45,785160,202278895920000.0,2015,6,8,24,1154267.0,1,1.0,2575.85,0,0,,,0,0
2015-06-09,2015-06-09,2585.0,2590.0,2551.0,2561.65,1289457,331973563270000.0,2015,6,9,24,785160.0,1,0.0,2577.45,0,0,,,0,0
2015-06-10,2015-06-10,2566.0,2610.0,2563.8,2600.75,1381675,357380330830000.0,2015,6,10,24,1289457.0,0,,2561.65,0,0,,,1,0
2015-06-11,2015-06-11,2605.5,2613.0,2556.75,2571.3,923668,238769812970000.0,2015,6,11,24,1381675.0,1,1.0,2600.75,0,0,,,0,0
2015-06-12,2015-06-12,2571.9,2588.95,2476.8,2505.8,1285728,324865219385000.0,2015,6,12,24,923668.0,1,0.0,2571.3,1,1,1.0,1.0,0,0
2015-06-13,2015-06-12,2571.9,2588.95,2476.8,2505.8,1285728,324865219385000.0,2015,6,12,24,1285728.0,0,,2505.8,0,0,,,1,0
2015-06-14,2015-06-12,2571.9,2588.95,2476.8,2505.8,1285728,324865219385000.0,2015,6,12,24,1285728.0,0,,2505.8,0,0,,,1,0
2015-06-15,2015-06-15,2505.3,2520.45,2481.0,2504.8,1262588,316033534025000.0,2015,6,15,25,1285728.0,0,,2505.8,0,0,,,1,0
2015-06-16,2015-06-16,2500.0,2519.3,2494.45,2512.0,633698,159102618710000.0,2015,6,16,25,1262588.0,1,1.0,2504.8,0,0,,,0,0
2015-06-17,2015-06-17,2521.0,2529.15,2501.8,2513.8,987860,248550405310000.0,2015,6,17,25,633698.0,1,0.0,2512.0,0,0,,,0,0
2015-06-18,2015-06-18,2515.0,2546.3,2508.0,2530.05,1082523,274212353610000.0,2015,6,18,25,987860.0,0,,2513.8,0,0,,,1,0
2015-06-19,2015-06-19,2535.0,2555.0,2527.1,2549.55,999805,254629633765000.0,2015,6,19,25,1082523.0,0,,2530.05,0,0,,,1,0
2015-06-20,2015-06-19,2535.0,2555.0,2527.1,2549.55,999805,254629633765000.0,2015,6,19,25,999805.0,0,,2549.55,0,0,,,1,0
2015-06-21,2015-06-19,2535.0,2555.0,2527.1,2549.55,999805,254629633765000.0,2015,6,19,25,999805.0,0,,2549.55,0,0,,,1,0
2015-06-22,2015-06-22,2547.0,2600.0,2547.0,2591.5,551001,142549477735000.0,2015,6,22,26,999805.0,1,1.0,2549.55,0,0,,,0,0
2015-06-23,2015-06-23,2600.0,2608.0,2567.2,2574.6,449159,115974000365000.02,2015,6,23,26,551001.0,1,1.0,2591.5,0,0,,,0,0
2015-06-24,2015-06-24,2580.0,2587.9,2558.85,2570.3,585123,150565166150000.0,2015,6,24,26,449159.0,1,0.0,2574.6,0,0,,,0,0
2015-06-25,2015-06-25,2562.0,2573.0,2544.15,2550.0,965496,246568219255000.03,2015,6,25,26,585123.0,1,0.0,2570.3,0,0,,,0,0
2015-06-26,2015-06-26,2550.2,2596.35,2550.2,2592.8,645051,166411238155000.0,2015,6,26,26,965496.0,1,1.0,2550.0,0,0,,,0,0
2015-06-27,2015-06-26,2550.2,2596.35,2550.2,2592.8,645051,166411238155000.0,2015,6,26,26,645051.0,0,,2592.8,0,0,,,1,0
2015-06-28,2015-06-26,2550.2,2596.35,2550.2,2592.8,645051,166411238155000.0,2015,6,26,26,645051.0,0,,2592.8,0,0,,,1,0
2015-06-29,2015-06-29,2572.0,2604.0,2543.4,2592.9,686378,176376823470000.0,2015,6,29,27,645051.0,0,,2592.8,0,0,,,1,0
2015-06-30,2015-06-30,2585.0,2588.75,2540.0,2550.95,774976,198163432605000.0,2015,6,30,27,686378.0,1,0.0,2592.9,0,0,,,0,0
2015-07-01,2015-07-01,2563.9,2608.0,2556.75,2593.1,639854,165364373950000.0,2015,7,1,27,774976.0,1,1.0,2550.95,0,0,,,0,0
2015-07-02,2015-07-02,2600.0,2602.95,2571.05,2577.75,722940,186793958395000.0,2015,7,2,27,639854.0,1,0.0,2593.1,0,0,,,0,0
2015-07-03,2015-07-03,2573.05,2610.0,2570.0,2603.9,481735,125019006759999.98,2015,7,3,27,722940.0,1,1.0,2577.75,0,0,,,0,0
2015-07-04,2015-07-03,2573.05,2610.0,2570.0,2603.9,481735,125019006759999.98,2015,7,3,27,481735.0,0,,2603.9,0,0,,,1,0
2015-07-05,2015-07-03,2573.05,2610.0,2570.0,2603.9,481735,125019006759999.98,2015,7,3,27,481735.0,0,,2603.9,0,0,,,1,0
2015-07-06,2015-07-06,2580.3,2645.0,2580.3,2633.3,591169,154499884340000.0,2015,7,6,28,481735.0,1,0.0,2603.9,0,0,,,0,0
2015-07-07,2015-07-07,2632.75,2646.9,2603.0,2616.25,821418,215851041305000.03,2015,7,7,28,591169.0,1,0.0,2633.3,0,0,,,0,0
2015-07-08,2015-07-08,2597.95,2621.7,2580.5,2595.1,1333925,346374532860000.0,2015,7,8,28,821418.0,1,0.0,2616.25,0,0,,,0,0
2015-07-09,2015-07-09,2595.0,2598.25,2506.65,2522.5,1967061,499706943690000.0,2015,7,9,28,1333925.0,1,0.0,2595.1,1,1,1.0,1.0,0,0
2015-07-10,2015-07-10,2559.0,2559.0,2455.0,2474.35,4131827,1028599040490000.0,2015,7,10,28,1967061.0,1,0.0,2522.5,0,0,,,0,0
2015-07-11,2015-07-10,2559.0,2559.0,2455.0,2474.35,4131827,1028599040490000.0,2015,7,10,28,4131827.0,0,,2474.35,0,0,,,1,0
2015-07-12,2015-07-10,2559.0,2559.0,2455.0,2474.35,4131827,1028599040490000.0,2015,7,10,28,4131827.0,0,,2474.35,0,0,,,1,0
2015-07-13,2015-07-13,2475.4,2518.6,2475.4,2509.55,1140154,285294609545000.0,2015,7,13,29,4131827.0,1,1.0,2474.35,0,0,,,0,0
2015-07-14,2015-07-14,2511.0,2515.0,2490.0,2499.5,851637,212876735585000.0,2015,7,14,29,1140154.0,1,1.0,2509.55,0,0,,,0,0
2015-07-15,2015-07-15,2501.0,2549.95,2500.0,2545.75,1001830,253916925965000.0,2015,7,15,29,851637.0,1,0.0,2499.5,0,0,,,0,0
2015-07-16,2015-07-16,2543.7,2558.85,2526.6,2540.2,728304,185246930105000.0,2015,7,16,29,1001830.0,1,1.0,2545.75,0,0,,,0,0
2015-07-17,2015-07-17,2546.8,2570.1,2543.3,2564.4,535263,136921246255000.0,2015,7,17,29,728304.0,1,1.0,2540.2,0,0,,,0,0
2015-07-18,2015-07-17,2546.8,2570.1,2543.3,2564.4,535263,136921246255000.0,2015,7,17,29,535263.0,0,,2564.4,0,0,,,1,0
2015-07-19,2015-07-17,2546.8,2570.1,2543.3,2564.4,535263,136921246255000.0,2015,7,17,29,535263.0,0,,2564.4,0,0,,,1,0
2015-07-20,2015-07-20,2564.0,2583.9,2551.9,2579.15,426893,109777396755000.0,2015,7,20,30,535263.0,1,1.0,2564.4,0,0,,,0,0
2015-07-21,2015-07-21,2576.0,2600.35,2555.1,2561.4,637250,164087481180000.0,2015,7,21,30,426893.0,1,0.0,2579.15,0,0,,,0,0
2015-07-22,2015-07-22,2561.0,2569.0,2521.05,2528.05,660314,167218024840000.0,2015,7,22,30,637250.0,0,,2561.4,0,0,,,1,0
2015-07-23,2015-07-23,2517.5,2537.85,2483.0,2488.6,748390,187491648540000.0,2015,7,23,30,660314.0,1,0.0,2528.05,0,0,,,0,0
2015-07-24,2015-07-24,2497.5,2516.5,2492.1,2505.15,787486,197350844460000.0,2015,7,24,30,748390.0,0,,2488.6,0,0,,,1,0
2015-07-25,2015-07-24,2497.5,2516.5,2492.1,2505.15,787486,197350844460000.0,2015,7,24,30,787486.0,0,,2505.15,0,0,,,1,0
2015-07-26,2015-07-24,2497.5,2516.5,2492.1,2505.15,787486,197350844460000.0,2015,7,24,30,787486.0,0,,2505.15,0,0,,,1,0
2015-07-27,2015-07-27,2488.0,2505.0,2481.15,2497.05,1001869,250157842365000.0,2015,7,27,31,787486.0,1,0.0,2505.15,0,0,,,0,0
2015-07-28,2015-07-28,2499.5,2519.0,2492.15,2502.05,945594,237294797575000.0,2015,7,28,31,1001869.0,0,,2497.05,0,0,,,1,0
2015-07-29,2015-07-29,2511.0,2515.05,2483.5,2506.75,1206659,301867154530000.0,2015,7,29,31,945594.0,1,0.0,2502.05,0,0,,,0,0
2015-07-30,2015-07-30,2516.05,2516.8,2472.8,2480.65,1385287,344978285045000.0,2015,7,30,31,1206659.0,1,0.0,2506.75,0,0,,,0,0
2015-07-31,2015-07-31,2489.9,2519.0,2487.0,2510.75,981888,245690701980000.03,2015,7,31,31,1385287.0,1,1.0,2480.65,0,0,,,0,0
2015-08-01,2015-07-31,2489.9,2519.0,2487.0,2510.75,981888,245690701980000.03,2015,7,31,31,981888.0,0,,2510.75,0,0,,,1,0
2015-08-02,2015-07-31,2489.9,2519.0,2487.0,2510.75,981888,245690701980000.03,2015,7,31,31,981888.0,0,,2510.75,0,0,,,1,0
2015-08-03,2015-08-03,2503.4,2525.0,2500.9,2509.6,589662,148249201475000.0,2015,8,3,32,981888.0,1,1.0,2510.75,0,0,,,0,0
2015-08-04,2015-08-04,2510.4,2523.0,2486.0,2508.9,1171346,292873711380000.0,2015,8,4,32,589662.0,1,0.0,2509.6,0,0,,,0,0
2015-08-05,2015-08-05,2520.0,2550.0,2511.0,2547.15,494497,125565200155000.0,2015,8,5,32,1171346.0,1,1.0,2508.9,0,0,,,0,0
2015-08-06,2015-08-06,2565.0,2583.0,2550.1,2573.3,1105683,283746097370000.0,2015,8,6,32,494497.0,1,0.0,2547.15,0,0,,,0,0
2015-08-07,2015-08-07,2573.0,2573.0,2547.0,2552.05,594253,152045796810000.0,2015,8,7,32,1105683.0,1,1.0,2573.3,0,0,,,0,0
2015-08-08,2015-08-07,2573.0,2573.0,2547.0,2552.05,594253,152045796810000.0,2015,8,7,32,594253.0,0,,2552.05,0,0,,,1,0
2015-08-09,2015-08-07,2573.0,2573.0,2547.0,2552.05,594253,152045796810000.0,2015,8,7,32,594253.0,0,,2552.05,0,0,,,1,0
2015-08-10,2015-08-10,2572.0,2589.0,2556.6,2572.1,715591,184370154265000.0,2015,8,10,33,594253.0,1,0.0,2552.05,0,0,,,0,0
2015-08-11,2015-08-11,2578.0,2610.0,2542.1,2604.2,1100153,285552687690000.0,2015,8,11,33,715591.0,1,0.0,2572.1,0,0,,,0,0
2015-08-12,2015-08-12,2603.1,2691.4,2602.0,2671.7,1739892,462546014315000.0,2015,8,12,33,1100153.0,1,0.0,2604.2,1,1,0.0,0.0,0,0
2015-08-13,2015-08-13,2670.0,2684.0,2556.0,2635.6,703213,186505713810000.0,2015,8,13,33,1739892.0,1,1.0,2671.7,0,0,,,0,0
2015-08-14,2015-08-14,2638.0,2719.35,2637.1,2703.2,1146982,308401606740000.0,2015,8,14,33,703213.0,1,0.0,2635.6,1,1,0.0,0.0,0,0
2015-08-15,2015-08-14,2638.0,2719.35,2637.1,2703.2,1146982,308401606740000.0,2015,8,14,33,1146982.0,0,,2703.2,0,0,,,1,0
2015-08-16,2015-08-14,2638.0,2719.35,2637.1,2703.2,1146982,308401606740000.0,2015,8,14,33,1146982.0,0,,2703.2,0,0,,,1,0
2015-08-17,2015-08-17,2690.1,2696.8,2655.0,2684.75,386822,103420779720000.0,2015,8,17,34,1146982.0,1,1.0,2703.2,0,0,,,0,0
2015-08-18,2015-08-18,2706.9,2749.9,2690.0,2740.9,958463,262298463255000.03,2015,8,18,34,386822.0,1,0.0,2684.75,1,1,0.0,0.0,0,0
2015-08-19,2015-08-19,2750.0,2752.85,2721.9,2733.6,845035,231460037350000.0,2015,8,19,34,958463.0,1,1.0,2740.9,0,0,,,0,0
2015-08-20,2015-08-20,2745.0,2745.0,2672.0,2686.85,1174649,317477177120000.0,2015,8,20,34,845035.0,1,0.0,2733.6,0,0,,,0,0
2015-08-21,2015-08-21,2712.0,2729.9,2655.1,2676.15,1768040,474594336130000.0,2015,8,21,34,1174649.0,1,0.0,2686.85,0,0,,,0,0
2015-08-22,2015-08-21,2712.0,2729.9,2655.1,2676.15,1768040,474594336130000.0,2015,8,21,34,1768040.0,0,,2676.15,0,0,,,1,0
2015-08-23,2015-08-21,2712.0,2729.9,2655.1,2676.15,1768040,474594336130000.0,2015,8,21,34,1768040.0,0,,2676.15,0,0,,,1,0
2015-08-24,2015-08-24,2639.0,2645.0,2569.1,2578.65,2346172,609992831760000.0,2015,8,24,35,1768040.0,1,0.0,2676.15,1,1,1.0,1.0,0,0
2015-08-25,2015-08-25,2587.9,2622.0,2535.5,2567.15,1962900,505375128475000.0,2015,8,25,35,2346172.0,1,1.0,2578.65,0,0,,,0,0
2015-08-26,2015-08-26,2558.05,2639.0,2511.95,2576.75,1608079,416803329530000.0,2015,8,26,35,1962900.0,1,1.0,2567.15,0,0,,,0,0
2015-08-27,2015-08-27,2614.9,2614.9,2545.8,2574.65,2632399,677291640590000.0,2015,8,27,35,1608079.0,1,0.0,2576.75,0,0,,,0,0
2015-08-28,2015-08-28,2609.0,2609.0,2557.7,2570.85,1372076,354258511895000.0,2015,8,28,35,2632399.0,1,1.0,2574.65,0,0,,,0,0
2015-08-29,2015-08-28,2609.0,2609.0,2557.7,2570.85,1372076,354258511895000.0,2015,8,28,35,1372076.0,0,,2570.85,0,0,,,1,0
2015-08-30,2015-08-28,2609.0,2609.0,2557.7,2570.85,1372076,354258511895000.0,2015,8,28,35,1372076.0,0,,2570.85,0,0,,,1,0
2015-08-31,2015-08-31,2590.0,2590.0,2531.05,2564.05,1846022,473694451870000.0,2015,8,31,36,1372076.0,1,0.0,2570.85,0,0,,,0,0
2015-09-01,2015-09-01,2556.0,2611.2,2530.0,2537.4,1493801,384578953050000.0,2015,9,1,36,1846022.0,1,1.0,2564.05,0,0,,,0,0
2015-09-02,2015-09-02,2559.7,2620.45,2548.0,2591.8,1882975,488652294545000.0,2015,9,2,36,1493801.0,1,0.0,2537.4,1,1,0.0,0.0,0,0
2015-09-03,2015-09-03,2596.1,2615.0,2576.25,2605.6,1132537,293865969020000.0,2015,9,3,36,1882975.0,1,1.0,2591.8,0,0,,,0,0
2015-09-04,2015-09-04,2611.4,2614.9,2539.15,2547.45,1213198,311665198535000.0,2015,9,4,36,1132537.0,0,,2605.6,1,1,1.0,1.0,1,1
2015-09-05,2015-09-04,2611.4,2614.9,2539.15,2547.45,1213198,311665198535000.0,2015,9,4,36,1213198.0,0,,2547.45,0,0,,,1,0
2015-09-06,2015-09-04,2611.4,2614.9,2539.15,2547.45,1213198,311665198535000.0,2015,9,4,36,1213198.0,0,,2547.45,0,0,,,1,0
2015-09-07,2015-09-07,2553.0,2559.95,2532.7,2539.75,879592,223988315980000.03,2015,9,7,37,1213198.0,1,1.0,2547.45,0,0,,,0,0
2015-09-08,2015-09-08,2545.0,2564.1,2523.5,2540.3,893873,227089993095000.0,2015,9,8,37,879592.0,0,,2539.75,0,0,,,1,0
2015-09-09,2015-09-09,2562.95,2574.0,2544.0,2549.75,1022538,261569201425000.0,2015,9,9,37,893873.0,1,0.0,2540.3,0,0,,,0,0
2015-09-10,2015-09-10,2542.0,2578.5,2527.0,2545.4,1332909,340401963810000.0,2015,9,10,37,1022538.0,1,0.0,2549.75,0,0,,,0,0
2015-09-11,2015-09-11,2546.5,2568.4,2540.6,2552.0,796336,203351663785000.0,2015,9,11,37,1332909.0,1,1.0,2545.4,0,0,,,0,0
2015-09-12,2015-09-11,2546.5,2568.4,2540.6,2552.0,796336,203351663785000.0,2015,9,11,37,796336.0,0,,2552.0,0,0,,,1,0
2015-09-13,2015-09-11,2546.5,2568.4,2540.6,2552.0,796336,203351663785000.0,2015,9,11,37,796336.0,0,,2552.0,0,0,,,1,0
2015-09-14,2015-09-14,2565.0,2565.0,2543.0,2551.65,794659,202875015155000.0,2015,9,14,38,796336.0,0,,2552.0,0,0,,,1,0
2015-09-15,2015-09-15,2551.65,2558.9,2536.0,2547.6,689950,175858396195000.0,2015,9,15,38,794659.0,1,1.0,2551.65,0,0,,,0,0
2015-09-16,2015-09-16,2555.0,2565.0,2541.05,2550.35,878408,224327605165000.0,2015,9,16,38,689950.0,1,0.0,2547.6,0,0,,,0,0
2015-09-17,2015-09-16,2555.0,2565.0,2541.05,2550.35,878408,224327605165000.0,2015,9,16,38,878408.0,0,,2550.35,0,0,,,1,0
2015-09-18,2015-09-18,2565.0,2586.0,2539.0,2551.25,1227647,314914130585000.0,2015,9,18,38,878408.0,1,0.0,2550.35,0,0,,,0,0
2015-09-19,2015-09-18,2565.0,2586.0,2539.0,2551.25,1227647,314914130585000.0,2015,9,18,38,1227647.0,0,,2551.25,0,0,,,1,0
2015-09-20,2015-09-18,2565.0,2586.0,2539.0,2551.25,1227647,314914130585000.0,2015,9,18,38,1227647.0,0,,2551.25,0,0,,,1,0
2015-09-21,2015-09-21,2550.0,2557.1,2533.2,2551.05,554420,141142975740000.0,2015,9,21,39,1227647.0,1,1.0,2551.25,0,0,,,0,0
2015-09-22,2015-09-22,2557.5,2572.4,2490.0,2526.8,1040623,264853628415000.0,2015,9,22,39,554420.0,1,0.0,2551.05,0,0,,,0,0
2015-09-23,2015-09-23,2534.3,2557.75,2512.6,2532.65,614176,155593159675000.0,2015,9,23,39,1040623.0,1,1.0,2526.8,0,0,,,0,0
2015-09-24,2015-09-24,2535.5,2590.0,2529.9,2580.4,1177127,301556264485000.0,2015,9,24,39,614176.0,1,0.0,2532.65,0,0,,,0,0
2015-09-25,2015-09-24,2535.5,2590.0,2529.9,2580.4,1177127,301556264485000.0,2015,9,24,39,1177127.0,0,,2580.4,0,0,,,1,0
2015-09-26,2015-09-24,2535.5,2590.0,2529.9,2580.4,1177127,301556264485000.0,2015,9,24,39,1177127.0,0,,2580.4,0,0,,,1,0
2015-09-27,2015-09-24,2535.5,2590.0,2529.9,2580.4,1177127,301556264485000.0,2015,9,24,39,1177127.0,0,,2580.4,0,0,,,1,0
2015-09-28,2015-09-28,2594.0,2619.0,2579.5,2593.7,1183406,308082083395000.0,2015,9,28,40,1177127.0,0,,2580.4,0,0,,,1,0
2015-09-29,2015-09-29,2583.35,2634.0,2569.85,2588.25,1662976,432994617065000.0,2015,9,29,40,1183406.0,1,0.0,2593.7,0,0,,,0,0
2015-09-30,2015-09-30,2643.7,2643.7,2570.95,2588.05,1684168,435522706805000.0,2015,9,30,40,1662976.0,0,,2588.25,0,0,,,1,0
2015-10-01,2015-10-01,2599.0,2649.95,2592.2,2644.6,1417204,372791411480000.0,2015,10,1,40,1684168.0,1,1.0,2588.05,1,1,0.0,0.0,0,0
2015-10-02,2015-10-01,2599.0,2649.95,2592.2,2644.6,1417204,372791411480000.0,2015,10,1,40,1417204.0,0,,2644.6,0,0,,,1,0
2015-10-03,2015-10-01,2599.0,2649.95,2592.2,2644.6,1417204,372791411480000.0,2015,10,1,40,1417204.0,0,,2644.6,0,0,,,1,0
2015-10-04,2015-10-01,2599.0,2649.95,2592.2,2644.6,1417204,372791411480000.0,2015,10,1,40,1417204.0,0,,2644.6,0,0,,,1,0
2015-10-05,2015-10-05,2652.7,2770.0,2652.7,2711.65,2403653,651724834320000.0,2015,10,5,41,1417204.0,1,0.0,2644.6,1,1,0.0,0.0,0,0
2015-10-06,2015-10-06,2725.0,2726.0,2684.0,2700.0,1989795,538218936520000.0,2015,10,6,41,2403653.0,1,1.0,2711.65,0,0,,,0,0
2015-10-07,2015-10-07,2693.95,2717.0,2646.95,2653.95,1032765,276573077340000.0,2015,10,7,41,1989795.0,1,1.0,2700.0,0,0,,,0,0
2015-10-08,2015-10-08,2670.0,2678.35,2620.0,2633.8,1178775,311504944130000.0,2015,10,8,41,1032765.0,1,0.0,2653.95,0,0,,,0,0
2015-10-09,2015-10-09,2650.5,2650.6,2608.0,2629.65,1124862,295707334525000.0,2015,10,9,41,1178775.0,0,,2633.8,0,0,,,1,0
2015-10-10,2015-10-09,2650.5,2650.6,2608.0,2629.65,1124862,295707334525000.0,2015,10,9,41,1124862.0,0,,2629.65,0,0,,,1,0
2015-10-11,2015-10-09,2650.5,2650.6,2608.0,2629.65,1124862,295707334525000.0,2015,10,9,41,1124862.0,0,,2629.65,0,0,,,1,0
2015-10-12,2015-10-12,2655.0,2660.35,2587.0,2592.6,1227956,320762545435000.0,2015,10,12,42,1124862.0,0,,2629.65,0,0,,,1,0
2015-10-13,2015-10-13,2602.8,2612.0,2567.6,2598.55,3089856,800153587760000.0,2015,10,13,42,1227956.0,1,0.0,2592.6,0,0,,,0,0
2015-10-14,2015-10-14,2548.0,2548.0,2480.0,2483.7,4168564,1043222048030000.0,2015,10,14,42,3089856.0,1,0.0,2598.55,1,1,1.0,1.0,0,0
2015-10-15,2015-10-15,2490.0,2503.5,2465.0,2467.75,1607855,398451186685000.0,2015,10,15,42,4168564.0,1,1.0,2483.7,0,0,,,0,0
2015-10-16,2015-10-16,2480.9,2492.0,2470.0,2473.75,1166914,289145171010000.0,2015,10,16,42,1607855.0,1,1.0,2467.75,0,0,,,0,0
2015-10-17,2015-10-16,2480.9,2492.0,2470.0,2473.75,1166914,289145171010000.0,2015,10,16,42,1166914.0,0,,2473.75,0,0,,,1,0
2015-10-18,2015-10-16,2480.9,2492.0,2470.0,2473.75,1166914,289145171010000.0,2015,10,16,42,1166914.0,0,,2473.75,0,0,,,1,0
2015-10-19,2015-10-19,2490.0,2494.95,2455.85,2488.75,1565321,387244983110000.0,2015,10,19,43,1166914.0,1,0.0,2473.75,0,0,,,0,0
2015-10-20,2015-10-20,2496.25,2530.0,2495.6,2526.75,1347542,339708985545000.0,2015,10,20,43,1565321.0,1,1.0,2488.75,0,0,,,0,0
2015-10-21,2015-10-21,2535.0,2542.0,2522.25,2530.0,964844,244344915855000.03,2015,10,21,43,1347542.0,1,1.0,2526.75,0,0,,,0,0
2015-10-22,2015-10-21,2535.0,2542.0,2522.25,2530.0,964844,244344915855000.03,2015,10,21,43,964844.0,0,,2530.0,0,0,,,1,0
2015-10-23,2015-10-23,2548.0,2548.0,2527.3,2537.15,1167699,295971346590000.0,2015,10,23,43,964844.0,1,0.0,2530.0,0,0,,,0,0
2015-10-24,2015-10-23,2548.0,2548.0,2527.3,2537.15,1167699,295971346590000.0,2015,10,23,43,1167699.0,0,,2537.15,0,0,,,1,0
2015-10-25,2015-10-23,2548.0,2548.0,2527.3,2537.15,1167699,295971346590000.0,2015,10,23,43,1167699.0,0,,2537.15,0,0,,,1,0
2015-10-26,2015-10-26,2549.0,2549.0,2515.1,2536.55,707315,178962175530000.0,2015,10,26,44,1167699.0,1,1.0,2537.15,0,0,,,0,0
2015-10-27,2015-10-27,2530.05,2544.9,2520.35,2531.1,765210,193706744275000.0,2015,10,27,44,707315.0,0,,2536.55,0,0,,,1,0
2015-10-28,2015-10-28,2510.05,2533.55,2510.05,2529.1,627671,158431178780000.0,2015,10,28,44,765210.0,1,1.0,2531.1,0,0,,,0,0
2015-10-29,2015-10-29,2533.55,2535.4,2490.05,2495.35,1565158,391298645560000.0,2015,10,29,44,627671.0,1,0.0,2529.1,0,0,,,0,0
2015-10-30,2015-10-30,2500.0,2511.9,2485.0,2495.2,758348,189278696745000.0,2015,10,30,44,1565158.0,1,1.0,2495.35,0,0,,,0,0
2015-10-31,2015-10-30,2500.0,2511.9,2485.0,2495.2,758348,189278696745000.0,2015,10,30,44,758348.0,0,,2495.2,0,0,,,1,0
2015-11-01,2015-10-30,2500.0,2511.9,2485.0,2495.2,758348,189278696745000.0,2015,10,30,44,758348.0,0,,2495.2,0,0,,,1,0
2015-11-02,2015-11-02,2500.0,2522.8,2487.55,2517.35,659647,165436876290000.0,2015,11,2,45,758348.0,1,1.0,2495.2,0,0,,,0,0
2015-11-03,2015-11-03,2528.0,2547.8,2518.5,2543.45,682453,173130298455000.0,2015,11,3,45,659647.0,0,,2517.35,0,0,,,1,0
2015-11-04,2015-11-04,2545.0,2547.2,2520.0,2533.8,495717,125528959109999.98,2015,11,4,45,682453.0,1,1.0,2543.45,0,0,,,0,0
2015-11-05,2015-11-05,2530.8,2534.95,2480.0,2482.65,798049,199267674145000.0,2015,11,5,45,495717.0,1,0.0,2533.8,1,1,1.0,1.0,0,0
2015-11-06,2015-11-06,2492.0,2518.25,2483.45,2505.75,454012,113845260605000.0,2015,11,6,45,798049.0,1,1.0,2482.65,0,0,,,0,0
2015-11-07,2015-11-06,2492.0,2518.25,2483.45,2505.75,454012,113845260605000.0,2015,11,6,45,454012.0,0,,2505.75,0,0,,,1,0
2015-11-08,2015-11-06,2492.0,2518.25,2483.45,2505.75,454012,113845260605000.0,2015,11,6,45,454012.0,0,,2505.75,0,0,,,1,0
2015-11-09,2015-11-09,2495.0,2502.75,2468.6,2471.35,1010778,250458950850000.0,2015,11,9,46,454012.0,1,0.0,2505.75,0,0,,,0,0
2015-11-10,2015-11-10,2472.95,2477.0,2450.0,2458.15,680960,167740779595000.0,2015,11,10,46,1010778.0,1,1.0,2471.35,0,0,,,0,0
2015-11-11,2015-11-11,2475.0,2475.0,2450.0,2468.8,67582,16675497755000.002,2015,11,11,46,680960.0,1,1.0,2458.15,0,0,,,0,0
2015-11-12,2015-11-11,2475.0,2475.0,2450.0,2468.8,67582,16675497755000.002,2015,11,11,46,67582.0,0,,2468.8,0,0,,,1,0
2015-11-13,2015-11-13,2438.05,2438.05,2386.55,2397.4,1371616,329915530345000.0,2015,11,13,46,67582.0,1,0.0,2468.8,1,1,1.0,1.0,0,0
2015-11-14,2015-11-13,2438.05,2438.05,2386.55,2397.4,1371616,329915530345000.0,2015,11,13,46,1371616.0,0,,2397.4,0,0,,,1,0
2015-11-15,2015-11-13,2438.05,2438.05,2386.55,2397.4,1371616,329915530345000.0,2015,11,13,46,1371616.0,0,,2397.4,0,0,,,1,0
2015-11-16,2015-11-16,2390.0,2390.0,2356.0,2374.6,1021764,242323759710000.0,2015,11,16,47,1371616.0,1,1.0,2397.4,0,0,,,0,0
2015-11-17,2015-11-17,2380.5,2398.45,2375.0,2390.55,992514,236798902785000.0,2015,11,17,47,1021764.0,0,,2374.6,0,0,,,1,0
2015-11-18,2015-11-18,2388.9,2388.9,2346.0,2351.45,760176,179271701600000.0,2015,11,18,47,992514.0,1,1.0,2390.55,0,0,,,0,0
2015-11-19,2015-11-19,2365.35,2381.6,2352.0,2362.55,933453,220868074955000.03,2015,11,19,47,760176.0,1,0.0,2351.45,0,0,,,0,0
2015-11-20,2015-11-20,2366.5,2423.55,2361.95,2398.35,1006063,241779041840000.0,2015,11,20,47,933453.0,0,,2362.55,0,0,,,1,0
2015-11-21,2015-11-20,2366.5,2423.55,2361.95,2398.35,1006063,241779041840000.0,2015,11,20,47,1006063.0,0,,2398.35,0,0,,,1,0
2015-11-22,2015-11-20,2366.5,2423.55,2361.95,2398.35,1006063,241779041840000.0,2015,11,20,47,1006063.0,0,,2398.35,0,0,,,1,0
2015-11-23,2015-11-23,2405.3,2413.4,2382.25,2391.05,544041,130440539184999.98,2015,11,23,48,1006063.0,1,1.0,2398.35,0,0,,,0,0
2015-11-24,2015-11-24,2380.05,2392.45,2365.5,2367.95,499320,118769459609999.98,2015,11,24,48,544041.0,0,,2391.05,0,0,,,1,0
2015-11-25,2015-11-24,2380.05,2392.45,2365.5,2367.95,499320,118769459609999.98,2015,11,24,48,499320.0,0,,2367.95,0,0,,,1,0
2015-11-26,2015-11-26,2377.9,2382.4,2337.85,2345.55,1457646,343350889610000.0,2015,11,26,48,499320.0,1,0.0,2367.95,0,0,,,0,0
2015-11-27,2015-11-27,2348.0,2359.45,2332.5,2353.35,868603,204008616375000.0,2015,11,27,48,1457646.0,1,1.0,2345.55,0,0,,,0,0
2015-11-28,2015-11-27,2348.0,2359.45,2332.5,2353.35,868603,204008616375000.0,2015,11,27,48,868603.0,0,,2353.35,0,0,,,1,0
2015-11-29,2015-11-27,2348.0,2359.45,2332.5,2353.35,868603,204008616375000.0,2015,11,27,48,868603.0,0,,2353.35,0,0,,,1,0
2015-11-30,2015-11-30,2365.0,2391.25,2350.15,2364.7,2050024,484874478220000.0,2015,11,30,49,868603.0,1,0.0,2353.35,0,0,,,0,0
2015-12-01,2015-12-01,2362.9,2378.05,2357.05,2361.9,860997,203526711000000.0,2015,12,1,49,2050024.0,1,1.0,2364.7,0,0,,,0,0
2015-12-02,2015-12-02,2378.0,2378.1,2346.5,2365.2,820148,193789603975000.0,2015,12,2,49,860997.0,0,,2361.9,0,0,,,1,0
2015-12-03,2015-12-03,2360.0,2373.0,2347.0,2350.75,1141679,269046759875000.0,2015,12,3,49,820148.0,1,0.0,2365.2,0,0,,,0,0
2015-12-04,2015-12-04,2340.0,2347.3,2321.1,2328.4,623046,145174734845000.0,2015,12,4,49,1141679.0,1,1.0,2350.75,0,0,,,0,0
2015-12-05,2015-12-04,2340.0,2347.3,2321.1,2328.4,623046,145174734845000.0,2015,12,4,49,623046.0,0,,2328.4,0,0,,,1,0
2015-12-06,2015-12-04,2340.0,2347.3,2321.1,2328.4,623046,145174734845000.0,2015,12,4,49,623046.0,0,,2328.4,0,0,,,1,0
2015-12-07,2015-12-07,2332.2,2343.9,2315.25,2319.8,691302,160539041210000.0,2015,12,7,50,623046.0,0,,2328.4,0,0,,,1,0
2015-12-08,2015-12-08,2319.4,2349.0,2317.3,2329.0,569982,132973919555000.0,2015,12,8,50,691302.0,1,1.0,2319.8,0,0,,,0,0
2015-12-09,2015-12-09,2337.9,2372.8,2320.0,2367.65,2641403,623695383025000.0,2015,12,9,50,569982.0,1,0.0,2329.0,0,0,,,0,0
2015-12-10,2015-12-10,2369.0,2391.2,2352.0,2384.55,861994,204708426650000.0,2015,12,10,50,2641403.0,1,1.0,2367.65,0,0,,,0,0
2015-12-11,2015-12-11,2383.0,2391.95,2363.25,2386.0,826189,196974581820000.0,2015,12,11,50,861994.0,0,,2384.55,0,0,,,1,0
2015-12-12,2015-12-11,2383.0,2391.95,2363.25,2386.0,826189,196974581820000.0,2015,12,11,50,826189.0,0,,2386.0,0,0,,,1,0
2015-12-13,2015-12-11,2383.0,2391.95,2363.25,2386.0,826189,196974581820000.0,2015,12,11,50,826189.0,0,,2386.0,0,0,,,1,0
2015-12-14,2015-12-14,2335.2,2387.0,2330.6,2378.45,1359266,321444335375000.0,2015,12,14,51,826189.0,1,0.0,2386.0,0,0,,,0,0
2015-12-15,2015-12-15,2378.45,2385.0,2363.05,2375.85,567934,134885915130000.0,2015,12,15,51,1359266.0,1,1.0,2378.45,0,0,,,0,0
2015-12-16,2015-12-16,2384.0,2414.5,2384.0,2408.4,717967,172460935580000.0,2015,12,16,51,567934.0,1,0.0,2375.85,0,0,,,0,0
2015-12-17,2015-12-17,2415.0,2445.0,2393.35,2439.75,809422,195764707825000.0,2015,12,17,51,717967.0,1,0.0,2408.4,0,0,,,0,0
2015-12-18,2015-12-18,2420.0,2434.2,2400.65,2416.8,1512485,365419788625000.0,2015,12,18,51,809422.0,1,0.0,2439.75,0,0,,,0,0
2015-12-19,2015-12-18,2420.0,2434.2,2400.65,2416.8,1512485,365419788625000.0,2015,12,18,51,1512485.0,0,,2416.8,0,0,,,1,0
2015-12-20,2015-12-18,2420.0,2434.2,2400.65,2416.8,1512485,365419788625000.0,2015,12,18,51,1512485.0,0,,2416.8,0,0,,,1,0
2015-12-21,2015-12-21,2419.95,2450.0,2406.85,2446.4,805052,195498897035000.0,2015,12,21,52,1512485.0,1,1.0,2416.8,0,0,,,0,0
2015-12-22,2015-12-22,2440.0,2440.0,2400.0,2405.05,780429,188343036260000.0,2015,12,22,52,805052.0,0,,2446.4,0,0,,,1,0
2015-12-23,2015-12-23,2415.0,2435.0,2410.55,2425.8,424917,103044935060000.0,2015,12,23,52,780429.0,1,1.0,2405.05,0,0,,,0,0
2015-12-24,2015-12-24,2421.0,2438.2,2404.0,2434.25,421580,102192401425000.0,2015,12,24,52,424917.0,0,,2425.8,0,0,,,1,0
2015-12-25,2015-12-24,2421.0,2438.2,2404.0,2434.25,421580,102192401425000.0,2015,12,24,52,421580.0,0,,2434.25,0,0,,,1,0
2015-12-26,2015-12-24,2421.0,2438.2,2404.0,2434.25,421580,102192401425000.0,2015,12,24,52,421580.0,0,,2434.25,0,0,,,1,0
2015-12-27,2015-12-24,2421.0,2438.2,2404.0,2434.25,421580,102192401425000.0,2015,12,24,52,421580.0,0,,2434.25,0,0,,,1,0
2015-12-28,2015-12-28,2428.0,2466.4,2420.2,2462.7,1852099,454689566400000.0,2015,12,28,53,421580.0,1,0.0,2434.25,0,0,,,0,0
2015-12-29,2015-12-29,2458.35,2465.3,2445.75,2455.8,854262,209487508650000.0,2015,12,29,53,1852099.0,1,1.0,2462.7,0,0,,,0,0
2015-12-30,2015-12-30,2453.05,2459.0,2412.3,2418.3,802881,196068199690000.0,2015,12,30,53,854262.0,0,,2455.8,0,0,,,1,0
2015-12-31,2015-12-31,2415.75,2448.5,2407.5,2436.85,620159,150630258720000.0,2015,12,31,53,802881.0,1,1.0,2418.3,0,0,,,0,0
